{
    "$schema": "https://schema.management.azure.com/schemas/2015-01-01/deploymentParameters.json#",
    "contentVersion": "1.0.0.0",
    "parameters": {
        "vaults_sowa_name": {
            "value": null
        },
        "virtualNetworks_sowa_name": {
            "value": null
        },
        "virtualMachines_sowa_vm_01_name": {
            "value": null
        },
        "virtualMachines_sowa_vm_02_name": {
            "value": null
        },
        "storageAccounts_testyazure_name": {
            "value": null
        },
        "networkSecurityGroups_sowa_nsg_name": {
            "value": null
        },
        "networkInterfaces_sowa_vm_01881_name": {
            "value": null
        },
        "networkInterfaces_sowa_vm_02463_name": {
            "value": null
        },
        "publicIPAddresses_sowa_vm_01_ip_name": {
            "value": null
        },
        "publicIPAddresses_sowa_vm_02_ip_name": {
            "value": null
        },
        "secrets_vmAdminPassword_name": {
            "value": null
        },
        "subnets_subnet_1_name": {
            "value": null
        },
        "subnets_subnet_2_name": {
            "value": null
        },
        "virtualMachines_sowa_vm_01_id": {
            "value": null
        },
        "virtualMachines_sowa_vm_02_id": {
            "value": null
        }
    }
}