{
    "$schema": "https://schema.management.azure.com/schemas/2015-01-01/deploymentTemplate.json#",
    "contentVersion": "1.0.0.0",
    "parameters": {
        "vaults_sowa_name": {
            "defaultValue": "sowa",
            "type": "String"
        },
        "virtualNetworks_sowa_name": {
            "defaultValue": "sowa",
            "type": "String"
        },
        "virtualMachines_sowa_vm_01_name": {
            "defaultValue": "sowa-vm-01",
            "type": "String"
        },
        "virtualMachines_sowa_vm_02_name": {
            "defaultValue": "sowa-vm-02",
            "type": "String"
        },
        "storageAccounts_testyazure_name": {
            "defaultValue": "testyazure",
            "type": "String"
        },
        "networkSecurityGroups_sowa_nsg_name": {
            "defaultValue": "sowa-nsg",
            "type": "String"
        },
        "networkInterfaces_sowa_vm_01881_name": {
            "defaultValue": "sowa-vm-01881",
            "type": "String"
        },
        "networkInterfaces_sowa_vm_02463_name": {
            "defaultValue": "sowa-vm-02463",
            "type": "String"
        },
        "publicIPAddresses_sowa_vm_01_ip_name": {
            "defaultValue": "sowa-vm-01-ip",
            "type": "String"
        },
        "publicIPAddresses_sowa_vm_02_ip_name": {
            "defaultValue": "sowa-vm-02-ip",
            "type": "String"
        },
        "secrets_vmAdminPassword_name": {
            "defaultValue": "vmAdminPassword",
            "type": "String"
        },
        "subnets_subnet_1_name": {
            "defaultValue": "subnet-1",
            "type": "String"
        },
        "subnets_subnet_2_name": {
            "defaultValue": "subnet-2",
            "type": "String"
        },
        "virtualMachines_sowa_vm_01_id": {
            "defaultValue": "/subscriptions/6e2534a3-cf92-4662-9920-1d184ec7628f/resourceGroups/testyazure/providers/Microsoft.Compute/disks/sowa-vm-01_OsDisk_1_aade547d3ecd45efb4c71a9a63bda8cf",
            "type": "String"
        },
        "virtualMachines_sowa_vm_02_id": {
            "defaultValue": "/subscriptions/6e2534a3-cf92-4662-9920-1d184ec7628f/resourceGroups/testyazure/providers/Microsoft.Compute/disks/sowa-vm-02_OsDisk_1_fd2890a8ed944ad998ffbe0bdfd7c1f8",
            "type": "String"
        }
    },
    "variables": {},
    "resources": [
        {
            "comments": "Generalized from resource: '/subscriptions/6e2534a3-cf92-4662-9920-1d184ec7628f/resourceGroups/testyazure/providers/Microsoft.Compute/virtualMachines/sowa-vm-01'.",
            "type": "Microsoft.Compute/virtualMachines",
            "name": "[parameters('virtualMachines_sowa_vm_01_name')]",
            "apiVersion": "2018-06-01",
            "location": "westeurope",
            "tags": {},
            "scale": null,
            "properties": {
                "hardwareProfile": {
                    "vmSize": "Standard_B1s"
                },
                "storageProfile": {
                    "imageReference": {
                        "publisher": "Canonical",
                        "offer": "UbuntuServer",
                        "sku": "18.04-LTS",
                        "version": "latest"
                    },
                    "osDisk": {
                        "osType": "Linux",
                        "name": "[concat(parameters('virtualMachines_sowa_vm_01_name'),'_OsDisk_1_aade547d3ecd45efb4c71a9a63bda8cf')]",
                        "createOption": "FromImage",
                        "caching": "ReadWrite",
                        "managedDisk": {
                            "storageAccountType": "Standard_LRS",
                            "id": "[parameters('virtualMachines_sowa_vm_01_id')]"
                        },
                        "diskSizeGB": 30
                    },
                    "dataDisks": []
                },
                "osProfile": {
                    "computerName": "[parameters('virtualMachines_sowa_vm_01_name')]",
                    "adminUsername": "kzaorski",
                    "linuxConfiguration": {
                        "disablePasswordAuthentication": false,
                        "provisionVMAgent": true
                    },
                    "secrets": [],
                    "allowExtensionOperations": true
                },
                "networkProfile": {
                    "networkInterfaces": [
                        {
                            "id": "[resourceId('Microsoft.Network/networkInterfaces', parameters('networkInterfaces_sowa_vm_01881_name'))]"
                        }
                    ]
                }
            },
            "dependsOn": [
                "[resourceId('Microsoft.Network/networkInterfaces', parameters('networkInterfaces_sowa_vm_01881_name'))]"
            ]
        },
        {
            "comments": "Generalized from resource: '/subscriptions/6e2534a3-cf92-4662-9920-1d184ec7628f/resourceGroups/testyazure/providers/Microsoft.Compute/virtualMachines/sowa-vm-02'.",
            "type": "Microsoft.Compute/virtualMachines",
            "name": "[parameters('virtualMachines_sowa_vm_02_name')]",
            "apiVersion": "2018-06-01",
            "location": "westeurope",
            "tags": {},
            "scale": null,
            "properties": {
                "hardwareProfile": {
                    "vmSize": "Standard_B1s"
                },
                "storageProfile": {
                    "imageReference": {
                        "publisher": "Canonical",
                        "offer": "UbuntuServer",
                        "sku": "18.04-LTS",
                        "version": "latest"
                    },
                    "osDisk": {
                        "osType": "Linux",
                        "name": "[concat(parameters('virtualMachines_sowa_vm_02_name'),'_OsDisk_1_fd2890a8ed944ad998ffbe0bdfd7c1f8')]",
                        "createOption": "FromImage",
                        "caching": "ReadWrite",
                        "managedDisk": {
                            "storageAccountType": "Standard_LRS",
                            "id": "[parameters('virtualMachines_sowa_vm_02_id')]"
                        },
                        "diskSizeGB": 30
                    },
                    "dataDisks": []
                },
                "osProfile": {
                    "computerName": "[parameters('virtualMachines_sowa_vm_02_name')]",
                    "adminUsername": "kzaorski",
                    "linuxConfiguration": {
                        "disablePasswordAuthentication": false,
                        "provisionVMAgent": true
                    },
                    "secrets": [],
                    "allowExtensionOperations": true
                },
                "networkProfile": {
                    "networkInterfaces": [
                        {
                            "id": "[resourceId('Microsoft.Network/networkInterfaces', parameters('networkInterfaces_sowa_vm_02463_name'))]"
                        }
                    ]
                }
            },
            "dependsOn": [
                "[resourceId('Microsoft.Network/networkInterfaces', parameters('networkInterfaces_sowa_vm_02463_name'))]"
            ]
        },
        {
            "comments": "Generalized from resource: '/subscriptions/6e2534a3-cf92-4662-9920-1d184ec7628f/resourceGroups/testyazure/providers/Microsoft.KeyVault/vaults/sowa'.",
            "type": "Microsoft.KeyVault/vaults",
            "name": "[parameters('vaults_sowa_name')]",
            "apiVersion": "2016-10-01",
            "location": "westeurope",
            "tags": {},
            "scale": null,
            "properties": {
                "sku": {
                    "family": "A",
                    "name": "Standard"
                },
                "tenantId": "9e78eba9-2249-48d3-aeda-607bd9dbf036",
                "accessPolicies": [
                    {
                        "tenantId": "9e78eba9-2249-48d3-aeda-607bd9dbf036",
                        "objectId": "49159fc7-a55b-4a53-baee-f7ee9167a31a",
                        "permissions": {
                            "keys": [
                                "Get",
                                "List",
                                "Update",
                                "Create",
                                "Import",
                                "Delete",
                                "Recover",
                                "Backup",
                                "Restore"
                            ],
                            "secrets": [
                                "Get",
                                "List",
                                "Set",
                                "Delete",
                                "Recover",
                                "Backup",
                                "Restore"
                            ],
                            "certificates": [
                                "Get",
                                "List",
                                "Update",
                                "Create",
                                "Import",
                                "Delete",
                                "Recover",
                                "Backup",
                                "Restore",
                                "ManageContacts",
                                "ManageIssuers",
                                "GetIssuers",
                                "ListIssuers",
                                "SetIssuers",
                                "DeleteIssuers"
                            ]
                        }
                    }
                ],
                "enabledForDeployment": false,
                "enabledForDiskEncryption": false,
                "enabledForTemplateDeployment": true
            },
            "dependsOn": []
        },
        {
            "comments": "Generalized from resource: '/subscriptions/6e2534a3-cf92-4662-9920-1d184ec7628f/resourceGroups/testyazure/providers/Microsoft.Network/networkInterfaces/sowa-vm-01881'.",
            "type": "Microsoft.Network/networkInterfaces",
            "name": "[parameters('networkInterfaces_sowa_vm_01881_name')]",
            "apiVersion": "2018-02-01",
            "location": "westeurope",
            "tags": {},
            "scale": null,
            "properties": {
                "provisioningState": "Succeeded",
                "resourceGuid": "d5d7468f-f991-4b13-991b-0c8b66f7756b",
                "ipConfigurations": [
                    {
                        "name": "ipconfig1",
                        "etag": "W/\"e9dcf368-6094-4ce4-9786-d369e78a2228\"",
                        "properties": {
                            "provisioningState": "Succeeded",
                            "privateIPAddress": "10.0.1.4",
                            "privateIPAllocationMethod": "Dynamic",
                            "publicIPAddress": {
                                "id": "[resourceId('Microsoft.Network/publicIPAddresses', parameters('publicIPAddresses_sowa_vm_01_ip_name'))]"
                            },
                            "subnet": {
                                "id": "[resourceId('Microsoft.Network/virtualNetworks/subnets', parameters('virtualNetworks_sowa_name'), parameters('subnets_subnet_1_name'))]"
                            },
                            "primary": true,
                            "privateIPAddressVersion": "IPv4"
                        }
                    }
                ],
                "dnsSettings": {
                    "dnsServers": [],
                    "appliedDnsServers": [],
                    "internalDomainNameSuffix": "0kbwixrnbeeetisupryzrkpx1d.ax.internal.cloudapp.net"
                },
                "macAddress": "00-0D-3A-39-FE-9D",
                "enableAcceleratedNetworking": false,
                "enableIPForwarding": false,
                "networkSecurityGroup": {
                    "id": "[resourceId('Microsoft.Network/networkSecurityGroups', parameters('networkSecurityGroups_sowa_nsg_name'))]"
                },
                "primary": true
            },
            "dependsOn": [
                "[resourceId('Microsoft.Network/publicIPAddresses', parameters('publicIPAddresses_sowa_vm_01_ip_name'))]",
                "[resourceId('Microsoft.Network/virtualNetworks/subnets', parameters('virtualNetworks_sowa_name'), parameters('subnets_subnet_1_name'))]",
                "[resourceId('Microsoft.Network/networkSecurityGroups', parameters('networkSecurityGroups_sowa_nsg_name'))]"
            ]
        },
        {
            "comments": "Generalized from resource: '/subscriptions/6e2534a3-cf92-4662-9920-1d184ec7628f/resourceGroups/testyazure/providers/Microsoft.Network/networkInterfaces/sowa-vm-02463'.",
            "type": "Microsoft.Network/networkInterfaces",
            "name": "[parameters('networkInterfaces_sowa_vm_02463_name')]",
            "apiVersion": "2018-02-01",
            "location": "westeurope",
            "tags": {},
            "scale": null,
            "properties": {
                "provisioningState": "Succeeded",
                "resourceGuid": "53c01893-0400-418a-8d4f-b2a0cbc8062a",
                "ipConfigurations": [
                    {
                        "name": "ipconfig1",
                        "etag": "W/\"f5fd1808-f6bd-4592-b868-c05a19034163\"",
                        "properties": {
                            "provisioningState": "Succeeded",
                            "privateIPAddress": "10.0.2.4",
                            "privateIPAllocationMethod": "Dynamic",
                            "publicIPAddress": {
                                "id": "[resourceId('Microsoft.Network/publicIPAddresses', parameters('publicIPAddresses_sowa_vm_02_ip_name'))]"
                            },
                            "subnet": {
                                "id": "[resourceId('Microsoft.Network/virtualNetworks/subnets', parameters('virtualNetworks_sowa_name'), parameters('subnets_subnet_2_name'))]"
                            },
                            "primary": true,
                            "privateIPAddressVersion": "IPv4"
                        }
                    }
                ],
                "dnsSettings": {
                    "dnsServers": [],
                    "appliedDnsServers": [],
                    "internalDomainNameSuffix": "0kbwixrnbeeetisupryzrkpx1d.ax.internal.cloudapp.net"
                },
                "macAddress": "00-0D-3A-43-C9-A9",
                "enableAcceleratedNetworking": false,
                "enableIPForwarding": false,
                "networkSecurityGroup": {
                    "id": "[resourceId('Microsoft.Network/networkSecurityGroups', parameters('networkSecurityGroups_sowa_nsg_name'))]"
                },
                "primary": true
            },
            "dependsOn": [
                "[resourceId('Microsoft.Network/publicIPAddresses', parameters('publicIPAddresses_sowa_vm_02_ip_name'))]",
                "[resourceId('Microsoft.Network/virtualNetworks/subnets', parameters('virtualNetworks_sowa_name'), parameters('subnets_subnet_2_name'))]",
                "[resourceId('Microsoft.Network/networkSecurityGroups', parameters('networkSecurityGroups_sowa_nsg_name'))]"
            ]
        },
        {
            "comments": "Generalized from resource: '/subscriptions/6e2534a3-cf92-4662-9920-1d184ec7628f/resourceGroups/testyazure/providers/Microsoft.Network/networkSecurityGroups/sowa-nsg'.",
            "type": "Microsoft.Network/networkSecurityGroups",
            "name": "[parameters('networkSecurityGroups_sowa_nsg_name')]",
            "apiVersion": "2018-02-01",
            "location": "westeurope",
            "scale": null,
            "properties": {
                "provisioningState": "Succeeded",
                "resourceGuid": "2bf55556-a192-4815-bb07-41742dd16383",
                "securityRules": [],
                "defaultSecurityRules": [
                    {
                        "name": "AllowVnetInBound",
                        "etag": "W/\"7d53d38d-4273-43c1-abff-727bd8068ddd\"",
                        "properties": {
                            "provisioningState": "Succeeded",
                            "description": "Allow inbound traffic from all VMs in VNET",
                            "protocol": "*",
                            "sourcePortRange": "*",
                            "destinationPortRange": "*",
                            "sourceAddressPrefix": "VirtualNetwork",
                            "destinationAddressPrefix": "VirtualNetwork",
                            "access": "Allow",
                            "priority": 65000,
                            "direction": "Inbound",
                            "sourcePortRanges": [],
                            "destinationPortRanges": [],
                            "sourceAddressPrefixes": [],
                            "destinationAddressPrefixes": []
                        }
                    },
                    {
                        "name": "AllowAzureLoadBalancerInBound",
                        "etag": "W/\"7d53d38d-4273-43c1-abff-727bd8068ddd\"",
                        "properties": {
                            "provisioningState": "Succeeded",
                            "description": "Allow inbound traffic from azure load balancer",
                            "protocol": "*",
                            "sourcePortRange": "*",
                            "destinationPortRange": "*",
                            "sourceAddressPrefix": "AzureLoadBalancer",
                            "destinationAddressPrefix": "*",
                            "access": "Allow",
                            "priority": 65001,
                            "direction": "Inbound",
                            "sourcePortRanges": [],
                            "destinationPortRanges": [],
                            "sourceAddressPrefixes": [],
                            "destinationAddressPrefixes": []
                        }
                    },
                    {
                        "name": "DenyAllInBound",
                        "etag": "W/\"7d53d38d-4273-43c1-abff-727bd8068ddd\"",
                        "properties": {
                            "provisioningState": "Succeeded",
                            "description": "Deny all inbound traffic",
                            "protocol": "*",
                            "sourcePortRange": "*",
                            "destinationPortRange": "*",
                            "sourceAddressPrefix": "*",
                            "destinationAddressPrefix": "*",
                            "access": "Deny",
                            "priority": 65500,
                            "direction": "Inbound",
                            "sourcePortRanges": [],
                            "destinationPortRanges": [],
                            "sourceAddressPrefixes": [],
                            "destinationAddressPrefixes": []
                        }
                    },
                    {
                        "name": "AllowVnetOutBound",
                        "etag": "W/\"7d53d38d-4273-43c1-abff-727bd8068ddd\"",
                        "properties": {
                            "provisioningState": "Succeeded",
                            "description": "Allow outbound traffic from all VMs to all VMs in VNET",
                            "protocol": "*",
                            "sourcePortRange": "*",
                            "destinationPortRange": "*",
                            "sourceAddressPrefix": "VirtualNetwork",
                            "destinationAddressPrefix": "VirtualNetwork",
                            "access": "Allow",
                            "priority": 65000,
                            "direction": "Outbound",
                            "sourcePortRanges": [],
                            "destinationPortRanges": [],
                            "sourceAddressPrefixes": [],
                            "destinationAddressPrefixes": []
                        }
                    },
                    {
                        "name": "AllowInternetOutBound",
                        "etag": "W/\"7d53d38d-4273-43c1-abff-727bd8068ddd\"",
                        "properties": {
                            "provisioningState": "Succeeded",
                            "description": "Allow outbound traffic from all VMs to Internet",
                            "protocol": "*",
                            "sourcePortRange": "*",
                            "destinationPortRange": "*",
                            "sourceAddressPrefix": "*",
                            "destinationAddressPrefix": "Internet",
                            "access": "Allow",
                            "priority": 65001,
                            "direction": "Outbound",
                            "sourcePortRanges": [],
                            "destinationPortRanges": [],
                            "sourceAddressPrefixes": [],
                            "destinationAddressPrefixes": []
                        }
                    },
                    {
                        "name": "DenyAllOutBound",
                        "etag": "W/\"7d53d38d-4273-43c1-abff-727bd8068ddd\"",
                        "properties": {
                            "provisioningState": "Succeeded",
                            "description": "Deny all outbound traffic",
                            "protocol": "*",
                            "sourcePortRange": "*",
                            "destinationPortRange": "*",
                            "sourceAddressPrefix": "*",
                            "destinationAddressPrefix": "*",
                            "access": "Deny",
                            "priority": 65500,
                            "direction": "Outbound",
                            "sourcePortRanges": [],
                            "destinationPortRanges": [],
                            "sourceAddressPrefixes": [],
                            "destinationAddressPrefixes": []
                        }
                    }
                ]
            },
            "dependsOn": []
        },
        {
            "comments": "Generalized from resource: '/subscriptions/6e2534a3-cf92-4662-9920-1d184ec7628f/resourceGroups/testyazure/providers/Microsoft.Network/publicIPAddresses/sowa-vm-01-ip'.",
            "type": "Microsoft.Network/publicIPAddresses",
            "sku": {
                "name": "Basic",
                "tier": "Regional"
            },
            "name": "[parameters('publicIPAddresses_sowa_vm_01_ip_name')]",
            "apiVersion": "2018-02-01",
            "location": "westeurope",
            "tags": {},
            "scale": null,
            "properties": {
                "provisioningState": "Succeeded",
                "resourceGuid": "33db28b4-d949-4c97-aca5-03dffd6855e7",
                "ipAddress": "13.69.120.119",
                "publicIPAddressVersion": "IPv4",
                "publicIPAllocationMethod": "Dynamic",
                "idleTimeoutInMinutes": 4,
                "ipTags": []
            },
            "dependsOn": []
        },
        {
            "comments": "Generalized from resource: '/subscriptions/6e2534a3-cf92-4662-9920-1d184ec7628f/resourceGroups/testyazure/providers/Microsoft.Network/publicIPAddresses/sowa-vm-02-ip'.",
            "type": "Microsoft.Network/publicIPAddresses",
            "sku": {
                "name": "Basic",
                "tier": "Regional"
            },
            "name": "[parameters('publicIPAddresses_sowa_vm_02_ip_name')]",
            "apiVersion": "2018-02-01",
            "location": "westeurope",
            "tags": {},
            "scale": null,
            "properties": {
                "provisioningState": "Succeeded",
                "resourceGuid": "8d69a7b9-a8a8-43c1-b6af-12a34b2d46d4",
                "ipAddress": "13.69.120.106",
                "publicIPAddressVersion": "IPv4",
                "publicIPAllocationMethod": "Dynamic",
                "idleTimeoutInMinutes": 4,
                "ipTags": []
            },
            "dependsOn": []
        },
        {
            "comments": "Generalized from resource: '/subscriptions/6e2534a3-cf92-4662-9920-1d184ec7628f/resourceGroups/testyazure/providers/Microsoft.Network/virtualNetworks/sowa'.",
            "type": "Microsoft.Network/virtualNetworks",
            "name": "[parameters('virtualNetworks_sowa_name')]",
            "apiVersion": "2018-02-01",
            "location": "westeurope",
            "scale": null,
            "properties": {
                "provisioningState": "Succeeded",
                "resourceGuid": "5e6483d2-092d-4908-a254-7c7198a9f7db",
                "addressSpace": {
                    "addressPrefixes": [
                        "10.0.0.0/16"
                    ]
                },
                "subnets": [
                    {
                        "name": "subnet-1",
                        "etag": "W/\"935c5ce4-d49c-462a-a715-bab34266088f\"",
                        "properties": {
                            "provisioningState": "Succeeded",
                            "addressPrefix": "10.0.1.0/24",
                            "networkSecurityGroup": {
                                "id": "[resourceId('Microsoft.Network/networkSecurityGroups', parameters('networkSecurityGroups_sowa_nsg_name'))]"
                            },
                            "serviceEndpoints": []
                        }
                    },
                    {
                        "name": "subnet-2",
                        "etag": "W/\"935c5ce4-d49c-462a-a715-bab34266088f\"",
                        "properties": {
                            "provisioningState": "Succeeded",
                            "addressPrefix": "10.0.2.0/24",
                            "networkSecurityGroup": {
                                "id": "[resourceId('Microsoft.Network/networkSecurityGroups', parameters('networkSecurityGroups_sowa_nsg_name'))]"
                            },
                            "serviceEndpoints": []
                        }
                    }
                ],
                "virtualNetworkPeerings": [],
                "enableDdosProtection": false,
                "enableVmProtection": false
            },
            "dependsOn": [
                "[resourceId('Microsoft.Network/networkSecurityGroups', parameters('networkSecurityGroups_sowa_nsg_name'))]"
            ]
        },
        {
            "comments": "Generalized from resource: '/subscriptions/6e2534a3-cf92-4662-9920-1d184ec7628f/resourceGroups/testyazure/providers/Microsoft.Storage/storageAccounts/testyazure'.",
            "type": "Microsoft.Storage/storageAccounts",
            "sku": {
                "name": "Standard_LRS",
                "tier": "Standard"
            },
            "kind": "StorageV2",
            "name": "[parameters('storageAccounts_testyazure_name')]",
            "apiVersion": "2018-07-01",
            "location": "westeurope",
            "tags": {
                "projekt": "testy"
            },
            "scale": null,
            "properties": {
                "networkAcls": {
                    "bypass": "AzureServices",
                    "virtualNetworkRules": [],
                    "ipRules": [],
                    "defaultAction": "Allow"
                },
                "supportsHttpsTrafficOnly": true,
                "encryption": {
                    "services": {
                        "file": {
                            "enabled": true
                        },
                        "blob": {
                            "enabled": true
                        }
                    },
                    "keySource": "Microsoft.Storage"
                },
                "accessTier": "Hot"
            },
            "dependsOn": []
        },
        {
            "comments": "Generalized from resource: '/subscriptions/6e2534a3-cf92-4662-9920-1d184ec7628f/resourceGroups/testyazure/providers/Microsoft.KeyVault/vaults/sowa/secrets/vmAdminPassword'.",
            "type": "Microsoft.KeyVault/vaults/secrets",
            "name": "[concat(parameters('vaults_sowa_name'), '/', parameters('secrets_vmAdminPassword_name'))]",
            "apiVersion": "2016-10-01",
            "location": "westeurope",
            "scale": null,
            "properties": {
                "attributes": {
                    "enabled": true
                }
            },
            "dependsOn": [
                "[resourceId('Microsoft.KeyVault/vaults', parameters('vaults_sowa_name'))]"
            ]
        },
        {
            "comments": "Generalized from resource: '/subscriptions/6e2534a3-cf92-4662-9920-1d184ec7628f/resourceGroups/testyazure/providers/Microsoft.Network/virtualNetworks/sowa/subnets/subnet-1'.",
            "type": "Microsoft.Network/virtualNetworks/subnets",
            "name": "[concat(parameters('virtualNetworks_sowa_name'), '/', parameters('subnets_subnet_1_name'))]",
            "apiVersion": "2018-02-01",
            "scale": null,
            "properties": {
                "provisioningState": "Succeeded",
                "addressPrefix": "10.0.1.0/24",
                "networkSecurityGroup": {
                    "id": "[resourceId('Microsoft.Network/networkSecurityGroups', parameters('networkSecurityGroups_sowa_nsg_name'))]"
                },
                "serviceEndpoints": []
            },
            "dependsOn": [
                "[resourceId('Microsoft.Network/virtualNetworks', parameters('virtualNetworks_sowa_name'))]",
                "[resourceId('Microsoft.Network/networkSecurityGroups', parameters('networkSecurityGroups_sowa_nsg_name'))]"
            ]
        },
        {
            "comments": "Generalized from resource: '/subscriptions/6e2534a3-cf92-4662-9920-1d184ec7628f/resourceGroups/testyazure/providers/Microsoft.Network/virtualNetworks/sowa/subnets/subnet-2'.",
            "type": "Microsoft.Network/virtualNetworks/subnets",
            "name": "[concat(parameters('virtualNetworks_sowa_name'), '/', parameters('subnets_subnet_2_name'))]",
            "apiVersion": "2018-02-01",
            "scale": null,
            "properties": {
                "provisioningState": "Succeeded",
                "addressPrefix": "10.0.2.0/24",
                "networkSecurityGroup": {
                    "id": "[resourceId('Microsoft.Network/networkSecurityGroups', parameters('networkSecurityGroups_sowa_nsg_name'))]"
                },
                "serviceEndpoints": []
            },
            "dependsOn": [
                "[resourceId('Microsoft.Network/virtualNetworks', parameters('virtualNetworks_sowa_name'))]",
                "[resourceId('Microsoft.Network/networkSecurityGroups', parameters('networkSecurityGroups_sowa_nsg_name'))]"
            ]
        }
    ]
}